20220901;1;16800;16483,763
20220901;2;16250;15931,838
20220901;3;15850;15591,313
20220901;4;15750;15599,938
20220901;5;16050;15834,638
20220901;6;16900;16272,438
20220901;7;19700;18242,638
20220901;8;21300;20252,550
20220901;9;21700;20960,138
20220901;10;21850;20763,025
20220901;11;22000;20523,563
20220901;12;22100;20974,438
20220901;13;22250;21075,950
20220901;14;22300;20964,725
20220901;15;21850;20824,713
20220901;16;21700;20759,000
20220901;17;21450;20691,263
20220901;18;21200;20766,613
20220901;19;21250;20773,300
20220901;20;22650;21454,163
20220901;21;22650;21967,213
20220901;22;21350;20519,488
20220901;23;19300;18715,263
20220901;24;18000;17396,750
20220902;1;16750;16361,825
20220902;2;16050;15771,075
20220902;3;15700;15475,463
20220902;4;15700;15498,313
20220902;5;16200;15814,438
20220902;6;16950;16357,838
20220902;7;19800;18352,488
20220902;8;21350;20235,350
20220902;9;22000;21099,763
20220902;10;22150;21165,513
20220902;11;22350;20934,425
20220902;12;22550;21060,463
20220902;13;22700;21154,275
20220902;14;22700;21000,613
20220902;15;22050;20999,338
20220902;16;22000;20936,850
20220902;17;21750;20837,550
20220902;18;21450;20837,025
20220902;19;21450;20650,188
20220902;20;22450;20985,363
20220902;21;22550;21380,150
20220902;22;21450;19981,838
20220902;23;19400;18357,663
20220902;24;17900;17091,563
20220903;1;16750;16077,475
20220903;2;15950;15372,000
20220903;3;15350;14990,513
20220903;4;15250;14935,538
20220903;5;15250;14942,863
20220903;6;15200;14896,125
20220903;7;16250;15117,375
20220903;8;17550;16393,688
20220903;9;18700;17899,813
20220903;10;19200;18573,913
20220903;11;19450;18656,100
20220903;12;19450;18751,250
20220903;13;19450;18609,250
20220903;14;19350;18361,450
20220903;15;18550;17918,013
20220903;16;18350;17621,600
20220903;17;18250;17701,838
20220903;18;18250;17782,025
20220903;19;18350;17630,475
20220903;20;19392;18068,563
20220903;21;19335;18485,888
20220903;22;18535;17466,738
20220903;23;17184;16324,863
20220903;24;16033;15129,475
20220904;1;14850;14265,988
20220904;2;14050;13705,913
20220904;3;13650;13213,700
20220904;4;13550;13024,000
20220904;5;13500;13091,563
20220904;6;13400;12997,950
20220904;7;13550;12987,075
20220904;8;14600;13709,338
20220904;9;15550;14781,463
20220904;10;16100;15551,438
20220904;11;16350;15769,463
20220904;12;16400;15796,538
20220904;13;16450;16149,113
20220904;14;16350;16122,488
20220904;15;16150;15735,950
20220904;16;15950;15556,625
20220904;17;15850;15754,663
20220904;18;16050;15927,788
20220904;19;16650;16315,275
20220904;20;17950;17258,625
20220904;21;18050;17813,338
20220904;22;17350;16926,588
20220904;23;16400;15861,938
20220904;24;15450;14919,588
20220905;1;14350;14155,038
20220905;2;13950;13822,500
20220905;3;13700;13541,863
20220905;4;13800;13620,638
20220905;5;14450;13926,263
20220905;6;16000;14763,225
20220905;7;19200;17393,063
20220905;8;20800;19563,038
20220905;9;21700;20718,888
20220905;10;21700;20647,125
20220905;11;21800;20279,675
20220905;12;21850;20312,100
20220905;13;22000;20213,713
20220905;14;22000;20180,813
20220905;15;21600;20034,113
20220905;16;21550;20236,150
20220905;17;21350;20317,138
20220905;18;21200;20343,413
20220905;19;21200;20450,125
20220905;20;22350;21394,288
20220905;21;22350;21667,000
20220905;22;21250;20031,600
20220905;23;19300;18238,463
20220905;24;17950;16810,000
20220906;1;16600;15931,850
20220906;2;15950;15492,950
20220906;3;15600;15206,425
20220906;4;15600;15254,400
20220906;5;15900;15517,375
20220906;6;16850;16096,400
20220906;7;19750;18241,975
20220906;8;21050;20091,238
20220906;9;21800;21039,163
20220906;10;21800;21216,963
20220906;11;21800;20650,150
20220906;12;21950;20738,763
20220906;13;22000;20572,238
20220906;14;22000;20578,563
20220906;15;21550;20585,288
20220906;16;21450;20993,013
20220906;17;21300;21004,113
20220906;18;21150;20883,525
20220906;19;21250;20809,613
20220906;20;22500;21658,188
20220906;21;22550;21901,513
20220906;22;21150;20212,838
20220906;23;19250;18395,963
20220906;24;17950;17060,888
20220907;1;16450;15991,038
20220907;2;15750;15529,113
20220907;3;15400;15226,288
20220907;4;15450;15186,163
20220907;5;15850;15407,000
20220907;6;16850;15943,450
20220907;7;19650;18070,275
20220907;8;21050;20037,688
20220907;9;21700;20999,625
20220907;10;21700;20884,163
20220907;11;21750;20386,050
20220907;12;21850;20446,200
20220907;13;21950;20535,688
20220907;14;21950;20470,925
20220907;15;21700;20293,225
20220907;16;21600;20669,850
20220907;17;21400;20915,713
20220907;18;21250;20845,575
20220907;19;21250;20779,175
20220907;20;22400;21743,913
20220907;21;22450;21947,650
20220907;22;21450;20296,738
20220907;23;19350;18525,950
20220907;24;18000;17105,325
20220908;1;16550;16182,713
20220908;2;15850;15670,763
20220908;3;15500;15390,700
20220908;4;15550;15379,700
20220908;5;16050;15579,088
20220908;6;17050;16233,463
20220908;7;19950;18330,063
20220908;8;21350;20202,863
20220908;9;22000;21056,725
20220908;10;22000;21128,238
20220908;11;21950;20558,550
20220908;12;22050;20733,475
20220908;13;22150;20968,250
20220908;14;22150;20869,763
20220908;15;21900;20806,513
20220908;16;21900;21269,375
20220908;17;21750;21265,688
20220908;18;21700;21027,450
20220908;19;21600;21141,163
20220908;20;22450;21933,113
20220908;21;22450;22128,275
20220908;22;21400;20481,800
20220908;23;19200;18851,000
20220908;24;17850;17626,700
20220909;1;16750;16628,313
20220909;2;16050;16010,913
20220909;3;15700;15747,425
20220909;4;15750;15741,100
20220909;5;16250;16099,538
20220909;6;17250;16632,038
20220909;7;20000;18714,275
20220909;8;21300;20593,725
20220909;9;21850;21574,600
20220909;10;21850;21791,525
20220909;11;21800;21571,575
20220909;12;21800;21896,738
20220909;13;21900;21948,063
20220909;14;21900;21787,000
20220909;15;21400;21384,800
20220909;16;21400;21396,275
20220909;17;21250;21203,513
20220909;18;21200;21101,525
20220909;19;21100;20801,138
20220909;20;22200;21477,475
20220909;21;22200;21436,150
20220909;22;21150;20038,788
20220909;23;18950;18551,850
20220909;24;17600;17248,675
20220910;1;16550;16282,300
20220910;2;15950;15731,038
20220910;3;15350;15382,363
20220910;4;15250;15317,113
20220910;5;15250;15303,175
20220910;6;15350;15235,388
20220910;7;16650;15678,700
20220910;8;18050;16833,038
20220910;9;19200;18091,800
20220910;10;19700;19097,100
20220910;11;19750;19567,875
20220910;12;19850;19686,275
20220910;13;20000;19797,375
20220910;14;20000;19212,100
20220910;15;19500;18665,300
20220910;16;19250;18661,675
20220910;17;19050;18189,663
20220910;18;19000;18403,600
20220910;19;19000;18405,975
20220910;20;19450;19073,175
20220910;21;19335;18921,475
20220910;22;18435;17852,075
20220910;23;17084;16609,388
20220910;24;15933;15514,925
20220911;1;14700;14400,988
20220911;2;14100;13761,263
20220911;3;13600;13401,675
20220911;4;13400;13275,900
20220911;5;13400;13157,188
20220911;6;13550;13173,825
20220911;7;13950;13191,400
20220911;8;15000;13796,188
20220911;9;16000;14890,950
20220911;10;16700;15980,075
20220911;11;17050;16450,538
20220911;12;17250;16761,300
20220911;13;17300;16708,600
20220911;14;17300;16496,163
20220911;15;17250;16185,438
20220911;16;17050;15851,850
20220911;17;16850;15772,988
20220911;18;17150;16003,400
20220911;19;17750;16573,763
20220911;20;18800;17663,400
20220911;21;18650;17906,563
20220911;22;17600;16809,025
20220911;23;16650;15905,400
20220911;24;15700;14922,925
20220912;1;14550;14063,713
20220912;2;14150;13674,338
20220912;3;13900;13585,988
20220912;4;14000;13518,888
20220912;5;14650;13806,800
20220912;6;16200;14780,275
20220912;7;19300;17507,338
20220912;8;20850;19716,738
20220912;9;21700;20929,813
20220912;10;21700;21111,338
20220912;11;21800;20789,100
20220912;12;21850;20863,700
20220912;13;22050;21080,050
20220912;14;22050;21164,175
20220912;15;21600;20685,863
20220912;16;21550;21098,388
20220912;17;21350;20994,288
20220912;18;21200;20835,600
20220912;19;21550;20867,450
20220912;20;22600;21977,825
20220912;21;22550;22014,038
20220912;22;21150;20325,100
20220912;23;19100;18741,700
20220912;24;17800;17364,775
20220913;1;16750;16282,600
20220913;2;16050;15660,538
20220913;3;15700;15380,875
20220913;4;15750;15389,188
20220913;5;16150;15658,825
20220913;6;17150;16343,550
20220913;7;19900;18381,350
20220913;8;21200;20206,463
20220913;9;21800;21161,950
20220913;10;21800;21184,800
20220913;11;21800;20835,388
20220913;12;21800;21180,238
20220913;13;22000;21270,988
20220913;14;22000;21322,325
20220913;15;21650;21140,638
20220913;16;21650;21089,938
20220913;17;21650;20989,838
20220913;18;21550;20968,325
20220913;19;21650;20956,100
20220913;20;22600;22097,325
20220913;21;22600;22052,988
20220913;22;21250;20348,775
20220913;23;19200;18641,363
20220913;24;17700;17146,613
20220914;1;16500;16121,463
20220914;2;15750;15672,363
20220914;3;15450;15350,800
20220914;4;15500;15350,325
20220914;5;16050;15701,175
20220914;6;17150;16430,113
20220914;7;19850;18515,375
20220914;8;21150;20266,038
20220914;9;21700;21115,400
20220914;10;21700;21360,650
20220914;11;21550;20951,975
20220914;12;21650;21158,650
20220914;13;22000;21140,875
20220914;14;22000;21073,475
20220914;15;21650;20894,600
20220914;16;21650;21210,700
20220914;17;21650;21278,750
20220914;18;21450;21136,388
20220914;19;21500;21106,088
20220914;20;22600;22187,700
20220914;21;22550;22083,875
20220914;22;21300;20531,413
20220914;23;19250;18929,050
20220914;24;17850;17541,638
20220915;1;16750;16457,975
20220915;2;16000;15979,425
20220915;3;15700;15778,538
20220915;4;15750;15825,250
20220915;5;16300;15968,900
20220915;6;17450;16818,225
20220915;7;20150;18828,713
20220915;8;21450;20721,625
20220915;9;22150;21634,175
20220915;10;22150;21671,138
20220915;11;22100;21213,400
20220915;12;22200;21400,338
20220915;13;22350;21616,025
20220915;14;22350;21552,775
20220915;15;22100;21224,025
20220915;16;22100;21170,425
20220915;17;22000;21073,388
20220915;18;21800;20806,888
20220915;19;21850;20942,550
20220915;20;22600;22042,325
20220915;21;22550;21962,750
20220915;22;21300;20339,775
20220915;23;19250;18599,175
20220915;24;17850;17248,600
20220916;1;16650;16292,213
20220916;2;15950;15692,138
20220916;3;15600;15490,250
20220916;4;15650;15424,325
20220916;5;16050;15655,675
20220916;6;17050;16359,388
20220916;7;19800;18321,238
20220916;8;21200;20161,450
20220916;9;21900;21145,900
20220916;10;21900;21221,075
20220916;11;21850;21046,525
20220916;12;21850;21244,675
20220916;13;21950;21172,875
20220916;14;21950;20964,838
20220916;15;21700;20573,888
20220916;16;21700;20683,850
20220916;17;21700;20665,688
20220916;18;21500;20495,188
20220916;19;21600;20672,800
20220916;20;22550;21678,288
20220916;21;22450;21408,388
20220916;22;21150;19896,850
20220916;23;19100;18276,863
20220916;24;17600;17048,488
20220917;1;16650;16030,063
20220917;2;16050;15277,450
20220917;3;15550;15010,600
20220917;4;15450;14792,300
20220917;5;15400;14925,513
20220917;6;15350;15158,313
20220917;7;16250;15527,763
20220917;8;17650;16807,413
20220917;9;18800;17998,850
20220917;10;19400;18797,038
20220917;11;19650;19103,938
20220917;12;19650;19322,238
20220917;13;19650;19273,938
20220917;14;19600;19083,075
20220917;15;18750;18343,075
20220917;16;18500;18312,588
20220917;17;18300;17954,200
20220917;18;18250;17977,413
20220917;19;18350;18306,975
20220917;20;19650;19269,438
20220917;21;19335;18983,713
20220917;22;18435;17664,825
20220917;23;17084;16474,425
20220917;24;15933;15265,400
20220918;1;14750;14208,688
20220918;2;14150;13548,600
20220918;3;13650;13357,138
20220918;4;13450;13293,413
20220918;5;13400;13331,900
20220918;6;13400;13335,738
20220918;7;13800;13304,975
20220918;8;14900;13980,938
20220918;9;16000;15130,150
20220918;10;16800;16138,850
20220918;11;17200;16688,288
20220918;12;17400;16933,475
20220918;13;17400;16943,513
20220918;14;17400;16631,650
20220918;15;17150;16512,713
20220918;16;16800;16164,988
20220918;17;16600;16092,850
20220918;18;16900;16514,625
20220918;19;17500;17098,025
20220918;20;18650;18320,575
20220918;21;18550;18153,125
20220918;22;17650;17112,038
20220918;23;16700;16116,338
20220918;24;15750;15045,825
20220919;1;14750;14238,988
20220919;2;14299;13920,638
20220919;3;14050;13684,163
20220919;4;14150;13689,588
20220919;5;14809;14163,688
20220919;6;16518;15259,488
20220919;7;19617;18019,988
20220919;8;21167;20289,938
20220919;9;22050;21568,888
20220919;10;22050;21998,025
20220919;11;22251;22024,938
20220919;12;22300;22005,575
20220919;13;22600;21898,688
20220919;14;22599;21650,250
20220919;15;22050;21182,225
20220919;16;21950;21541,675
20220919;17;21850;21421,913
20220919;18;21650;21205,950
20220919;19;22050;21541,150
20220919;20;22950;22637,700
20220919;21;22700;22253,900
20220919;22;21299;20683,525
20220919;23;19250;19099,188
20220919;24;17950;17702,238
20220920;1;16750;16549,825
20220920;2;16050;15889,088
20220920;3;15900;15610,563
20220920;4;15950;15529,888
20220920;5;16400;15893,150
20220920;6;17550;16638,963
20220920;7;20300;18998,888
20220920;8;21600;21032,038
20220920;9;22300;22081,025
20220920;10;22300;22357,263
20220920;11;22200;22081,425
20220920;12;22350;22020,363
20220920;13;22500;21505,050
20220920;14;22500;21398,700
20220920;15;22100;20745,738
20220920;16;22100;21123,600
20220920;17;22000;21269,900
20220920;18;21800;21266,788
20220920;19;22150;21547,275
20220920;20;22800;22752,075
20220920;21;22650;22436,363
20220920;22;21400;20791,950
20220920;23;19350;19092,713
20220920;24;17950;17605,613
20220921;1;16650;16487,075
20220921;2;15950;16023,013
20220921;3;15700;15672,525
20220921;4;15750;15771,325
20220921;5;16200;16034,763
20220921;6;17350;16773,738
20220921;7;20100;19078,813
20220921;8;21400;21157,738
20220921;9;22100;22103,638
20220921;10;22100;22354,038
20220921;11;22000;22155,813
20220921;12;22150;22061,000
20220921;13;22300;22014,025
20220921;14;22300;21595,150
20220921;15;21850;21126,988
20220921;16;21850;21401,950
20220921;17;21750;21297,025
20220921;18;21550;21202,300
20220921;19;22050;21569,825
20220921;20;22800;22765,188
20220921;21;22650;22473,788
20220921;22;21400;20845,775
20220921;23;19550;19127,950
20220921;24;18150;17741,713
20220922;1;16750;16732,675
20220922;2;16050;16198,788
20220922;3;15700;15805,188
20220922;4;15750;15840,288
20220922;5;16250;16188,675
20220922;6;17350;17000,500
20220922;7;20150;19239,450
20220922;8;21450;21183,350
20220922;9;22150;22158,525
20220922;10;22150;22314,288
20220922;11;21900;21724,888
20220922;12;22000;21986,138
20220922;13;22050;21881,263
20220922;14;22050;21937,038
20220922;15;21600;21557,900
20220922;16;21600;21658,638
20220922;17;21550;21416,463
20220922;18;21450;21254,688
20220922;19;21950;21510,363
20220922;20;22900;22565,313
20220922;21;22800;22402,325
20220922;22;21550;20950,738
20220922;23;19600;19283,263
20220922;24;18200;17880,325
20220923;1;16850;16761,650
20220923;2;16150;16237,725
20220923;3;15800;15903,000
20220923;4;15850;15968,875
20220923;5;16400;16295,438
20220923;6;17600;17096,513
20220923;7;20450;19391,988
20220923;8;21850;21202,063
20220923;9;22300;22077,563
20220923;10;22300;22097,950
20220923;11;22000;21484,013
20220923;12;22000;21297,263
20220923;13;22050;21068,713
20220923;14;22050;21477,950
20220923;15;21500;21193,713
20220923;16;21450;21395,538
20220923;17;21400;21340,075
20220923;18;21250;21227,375
20220923;19;22000;21307,750
20220923;20;23000;21853,625
20220923;21;22750;21362,713
20220923;22;21300;20364,188
20220923;23;19400;18851,338
20220923;24;18050;17618,200
20220924;1;16800;16529,875
20220924;2;16200;15901,125
20220924;3;15700;15506,288
20220924;4;15600;15389,463
20220924;5;15750;15469,988
20220924;6;16000;15646,300
20220924;7;17150;16163,813
20220924;8;18450;17303,950
20220924;9;19550;18473,863
20220924;10;20200;19021,913
20220924;11;20500;19129,300
20220924;12;20500;18859,288
20220924;13;20350;18725,625
20220924;14;20150;18188,875
20220924;15;19650;17813,925
20220924;16;19200;17908,650
20220924;17;18800;18112,350
20220924;18;18700;18213,663
20220924;19;19700;18761,438
20220924;20;20100;19630,863
20220924;21;19850;19132,488
20220924;22;18750;17995,163
20220924;23;17400;16920,288
20220924;24;16250;15727,063
20220925;1;14800;14774,900
20220925;2;14000;14014,538
20220925;3;13650;13705,025
20220925;4;13550;13570,638
20220925;5;13550;13697,400
20220925;6;13550;13880,825
20220925;7;13950;13814,938
20220925;8;15000;14452,325
20220925;9;16200;15441,275
20220925;10;16950;16163,025
20220925;11;17300;16497,650
20220925;12;17400;16321,025
20220925;13;17400;16395,713
20220925;14;17400;16536,663
20220925;15;17100;16510,338
20220925;16;16850;16295,713
20220925;17;16700;16326,775
20220925;18;17200;16608,575
20220925;19;18500;17479,888
20220925;20;18900;18602,800
20220925;21;18700;18221,600
20220925;22;17800;17340,075
20220925;23;16700;16321,788
20220925;24;15700;15309,963
20220926;1;14750;14448,400
20220926;2;14300;14024,088
20220926;3;14050;13836,175
20220926;4;14050;13833,925
20220926;5;14800;14244,963
20220926;6;16600;15417,563
20220926;7;19600;18350,325
20220926;8;21450;20416,088
20220926;9;22300;21620,688
20220926;10;22350;21950,500
20220926;11;22400;21587,675
20220926;12;22400;21673,688
20220926;13;22350;21626,288
20220926;14;22300;21567,575
20220926;15;21700;21094,225
20220926;16;21700;21282,475
20220926;17;21700;21223,713
20220926;18;21600;21444,275
20220926;19;22550;21579,975
20220926;20;22950;22604,588
20220926;21;22900;22130,338
20220926;22;21550;20546,100
20220926;23;19600;18865,350
20220926;24;18200;17496,275
20220927;1;17000;16390,038
20220927;2;16300;15871,800
20220927;3;15950;15501,313
20220927;4;16000;15615,750
20220927;5;16500;15965,950
20220927;6;18000;16766,075
20220927;7;20850;18985,750
20220927;8;22150;20808,325
20220927;9;22800;21735,988
20220927;10;22800;21960,425
20220927;11;22650;21828,138
20220927;12;22600;21693,300
20220927;13;22650;21766,388
20220927;14;22650;21559,650
20220927;15;22100;21149,750
20220927;16;22050;21430,363
20220927;17;21900;21438,850
20220927;18;21800;21494,425
20220927;19;23000;22093,463
20220927;20;23300;22948,638
20220927;21;23050;22472,975
20220927;22;21650;20799,900
20220927;23;19750;18983,500
20220927;24;18400;17723,225
20220928;1;17000;16679,500
20220928;2;16300;16080,525
20220928;3;15950;15742,625
20220928;4;16000;15755,675
20220928;5;16450;16101,938
20220928;6;17900;16946,625
20220928;7;20650;19244,488
20220928;8;21900;21021,300
20220928;9;22650;21955,975
20220928;10;22650;21941,563
20220928;11;22500;21451,738
20220928;12;22500;21769,975
20220928;13;22550;22042,338
20220928;14;22550;21890,200
20220928;15;22050;21558,213
20220928;16;22000;21641,850
20220928;17;21850;21595,900
20220928;18;21700;21664,825
20220928;19;22800;22159,413
20220928;20;23100;23060,575
20220928;21;23000;22598,825
20220928;22;21650;20870,863
20220928;23;19750;19140,550
20220928;24;18400;17771,725
20220929;1;16800;16736,600
20220929;2;16100;16169,625
20220929;3;15750;15914,025
20220929;4;15800;16015,025
20220929;5;16250;16248,150
20220929;6;17550;17074,225
20220929;7;20250;19411,463
20220929;8;21450;21243,325
20220929;9;22200;22186,338
20220929;10;22200;22518,213
20220929;11;22050;22240,013
20220929;12;22150;22336,775
20220929;13;22200;22176,238
20220929;14;22200;22180,725
20220929;15;21650;21595,900
20220929;16;21650;21618,138
20220929;17;21650;21600,238
20220929;18;21550;21657,850
20220929;19;22550;22051,113
20220929;20;22850;23028,225
20220929;21;22700;22497,450
20220929;22;21400;20930,188
20220929;23;19500;19394,863
20220929;24;18150;17984,425
20220930;1;16800;16839,363
20220930;2;16100;16291,050
20220930;3;15750;15997,025
20220930;4;15800;15974,963
20220930;5;16350;16357,800
20220930;6;17950;17132,850
20220930;7;20650;19562,688
20220930;8;21850;21430,938
20220930;9;22450;22283,988
20220930;10;22450;22427,400
20220930;11;22350;22146,688
20220930;12;22450;22284,525
20220930;13;22500;22298,475
20220930;14;22500;22265,738
20220930;15;21950;21774,475
20220930;16;21950;21828,050
20220930;17;21950;21708,313
20220930;18;21950;21635,250
20220930;19;23100;22051,125
20220930;20;23100;22734,025
20220930;21;22850;21993,088
20220930;22;21400;20493,638
20220930;23;19500;18942,263
20220930;24;18150;17580,950
20221001;1;16800;16449,875
20221001;2;16200;15743,763
20221001;3;15700;15327,338
20221001;4;15600;15169,638
20221001;5;15750;15282,263
20221001;6;16100;15299,700
20221001;7;17250;15904,475
20221001;8;18550;16960,175
20221001;9;19650;18428,825
20221001;10;20150;19089,950
20221001;11;20150;19133,438
20221001;12;20150;19116,013
20221001;13;20000;18782,775
20221001;14;19800;18658,488
20221001;15;19200;18478,875
20221001;16;18900;18525,213
20221001;17;18750;18538,025
20221001;18;18700;18556,725
20221001;19;19850;19101,925
20221001;20;20050;19639,588
20221001;21;19800;18941,450
20221001;22;18700;17894,688
20221001;23;17350;16819,713
20221001;24;16200;15632,613
20221002;1;15100;14659,088
20221002;2;14400;13842,350
20221002;3;13950;13550,800
20221002;4;13850;13385,225
20221002;5;13900;13348,025
20221002;6;14100;13538,013
20221002;7;14450;13706,600
20221002;8;15450;14291,425
20221002;9;16550;15452,400
20221002;10;17250;16265,288
20221002;11;17550;16851,338
20221002;12;17550;16873,888
20221002;13;17550;16739,188
20221002;14;17550;16784,238
20221002;15;17200;16331,100
20221002;16;16950;16194,463
20221002;17;16900;16212,300
20221002;18;17400;16714,675
20221002;19;19000;17548,675
20221002;20;19000;18477,200
20221002;21;18850;18149,363
20221002;22;17850;17295,663
20221002;23;16800;16443,088
20221002;24;15900;15432,575
20221003;1;14283;14652,775
20221003;2;13835;14208,400
20221003;3;13637;13990,900
20221003;4;13630;14038,475
20221003;5;14051;14530,813
20221003;6;15363;15675,613
20221003;7;18534;18488,175
20221003;8;20491;20460,875
20221003;9;21694;21650,013
20221003;10;22158;22028,075
20221003;11;22051;21994,963
20221003;12;22159;22208,863
20221003;13;22131;22236,425
20221003;14;21950;22124,613
20221003;15;21447;21449,900
20221003;16;21531;21165,338
20221003;17;21475;21192,200
20221003;18;21492;21263,000
20221003;19;22048;22043,725
20221003;20;22877;22901,213
20221003;21;22371;22301,175
20221003;22;20762;20829,063
20221003;23;19050;19042,200
20221003;24;17696;17635,238
20221004;1;17000;16708,550
20221004;2;16300;16216,563
20221004;3;16000;15836,938
20221004;4;16050;15944,350
20221004;5;16500;16126,250
20221004;6;17950;16947,950
20221004;7;20650;19421,063
20221004;8;21950;21181,413
20221004;9;22550;21997,763
20221004;10;22600;22354,925
20221004;11;22550;21819,513
20221004;12;22550;22000,863
20221004;13;22650;22067,550
20221004;14;22650;21822,775
20221004;15;22000;21404,525
20221004;16;21950;21475,525
20221004;17;21800;21380,113
20221004;18;21850;21448,125
20221004;19;23150;22168,850
20221004;20;23300;23097,688
20221004;21;23000;22573,700
20221004;22;21600;21054,188
20221004;23;19700;19317,888
20221004;24;18350;17992,925
20221005;1;16800;16894,725
20221005;2;16100;16311,063
20221005;3;15750;15976,275
20221005;4;15800;16007,025
20221005;5;16300;16238,475
20221005;6;17700;17167,938
20221005;7;20150;19728,038
20221005;8;21550;21361,675
20221005;9;22450;22075,525
20221005;10;22450;22126,138
20221005;11;22450;21768,300
20221005;12;22450;21727,725
20221005;13;22500;21618,725
20221005;14;22600;21771,850
20221005;15;21800;21331,350
20221005;16;21750;21429,175
20221005;17;21600;21339,075
20221005;18;21650;21456,375
20221005;19;23000;22326,288
20221005;20;23100;23117,213
20221005;21;22700;22500,000
20221005;22;21300;20857,050
20221005;23;19400;19213,175
20221005;24;18050;17948,988
20221006;1;16700;16973,175
20221006;2;16000;16236,200
20221006;3;15650;16051,950
20221006;4;15700;16176,813
20221006;5;16200;16382,963
20221006;6;17700;17098,275
20221006;7;20150;19633,250
20221006;8;21450;21252,638
20221006;9;22050;22112,250
20221006;10;22100;22313,075
20221006;11;22000;21556,300
20221006;12;21950;21540,113
20221006;13;22050;21752,238
20221006;14;22150;22039,863
20221006;15;21500;21501,138
20221006;16;21450;21645,038
20221006;17;21400;21490,600
20221006;18;21450;21460,400
20221006;19;22850;22386,388
20221006;20;23000;23189,513
20221006;21;22700;22637,050
20221006;22;21300;21077,075
20221006;23;19400;19389,363
20221006;24;18050;18119,688
20221007;1;17000;17039,738
20221007;2;16300;16565,475
20221007;3;16000;16214,563
20221007;4;16050;16227,788
20221007;5;16550;16586,225
20221007;6;18050;17388,125
20221007;7;20550;19795,200
20221007;8;21750;21443,175
20221007;9;22300;22199,650
20221007;10;22300;22036,688
20221007;11;22100;21326,688
20221007;12;22100;21173,713
20221007;13;22050;21054,288
20221007;14;22050;20872,200
20221007;15;21400;20622,275
20221007;16;21350;21005,613
20221007;17;21450;21257,575
20221007;18;21450;21244,350
20221007;19;22850;21989,438
20221007;20;23000;22484,650
20221007;21;22700;21760,363
20221007;22;21300;20251,400
20221007;23;19450;18877,638
20221007;24;18050;17647,300
20221008;1;16700;16534,900
20221008;2;16100;15740,725
20221008;3;15600;15482,150
20221008;4;15500;15421,900
20221008;5;15550;15466,100
20221008;6;15800;15642,638
20221008;7;16950;16344,988
20221008;8;18250;17227,425
20221008;9;19250;18527,563
20221008;10;19600;19107,763
20221008;11;19600;19128,138
20221008;12;19600;19159,188
20221008;13;19500;19037,675
20221008;14;19250;18779,975
20221008;15;18850;18204,463
20221008;16;18700;18291,088
20221008;17;18700;18422,163
20221008;18;19000;18618,175
20221008;19;20000;19489,363
20221008;20;20000;19767,938
20221008;21;19650;19191,838
20221008;22;18550;18143,975
20221008;23;17200;16963,088
20221008;24;16050;15698,913
20221009;1;14900;14732,550
20221009;2;14200;14147,438
20221009;3;13800;13830,325
20221009;4;13700;13566,063
20221009;5;13800;13575,975
20221009;6;14000;13711,525
20221009;7;14350;14191,563
20221009;8;15350;14593,800
20221009;9;16450;15594,763
20221009;10;17150;16427,800
20221009;11;17350;16581,050
20221009;12;17350;16711,413
20221009;13;17100;16735,963
20221009;14;17100;16943,213
20221009;15;17100;16476,988
20221009;16;16800;16375,400
20221009;17;16700;16491,138
20221009;18;17450;17194,613
20221009;19;18800;18551,800
20221009;20;18800;19273,900
20221009;21;18650;18833,038
20221009;22;17850;17818,763
20221009;23;16900;16785,338
20221009;24;15850;15714,563
20221010;1;15150;14955,788
20221010;2;14850;14596,125
20221010;3;14700;14497,963
20221010;4;14900;14575,788
20221010;5;15700;14969,925
20221010;6;17800;16122,638
20221010;7;20600;19118,738
20221010;8;21800;21188,413
20221010;9;22550;22042,300
20221010;10;22550;21811,038
20221010;11;22200;21070,125
20221010;12;22200;20970,575
20221010;13;22250;20853,525
20221010;14;22400;20975,750
20221010;15;21750;20564,775
20221010;16;21900;21019,750
20221010;17;21850;21239,875
20221010;18;21800;21285,463
20221010;19;23250;22271,450
20221010;20;23250;22954,800
20221010;21;22950;22296,800
20221010;22;21600;20787,688
20221010;23;19800;19154,788
20221010;24;18550;17866,463
20221011;1;17500;16856,325
20221011;2;16800;16410,288
20221011;3;16500;16109,475
20221011;4;16650;16151,888
20221011;5;17100;16599,313
20221011;6;18550;17416,325
20221011;7;21150;19934,875
20221011;8;22250;21537,200
20221011;9;22750;22417,450
20221011;10;22750;22477,488
20221011;11;22500;21964,813
20221011;12;22500;21959,213
20221011;13;22400;21952,163
20221011;14;22550;21718,050
20221011;15;21950;21239,038
20221011;16;21900;21186,488
20221011;17;21900;21634,375
20221011;18;21850;21826,925
20221011;19;23500;22853,938
20221011;20;23550;23409,775
20221011;21;23200;22834,888
20221011;22;21850;21184,763
20221011;23;20000;19698,938
20221011;24;18550;18380,838
20221012;1;17400;17402,913
20221012;2;16700;16932,563
20221012;3;16400;16578,875
20221012;4;16500;16677,175
20221012;5;17000;16917,900
20221012;6;18600;17702,063
20221012;7;21100;20411,988
20221012;8;22300;21887,463
20221012;9;22650;22879,013
20221012;10;22650;22782,650
20221012;11;22150;21741,388
20221012;12;22150;21622,800
20221012;13;22150;21563,025
20221012;14;22150;21580,338
20221012;15;21750;21763,075
20221012;16;21850;21775,625
20221012;17;21800;21981,613
20221012;18;21950;22072,525
20221012;19;23450;22917,188
20221012;20;23450;23421,175
20221012;21;23150;22806,475
20221012;22;21750;21293,213
20221012;23;19900;19758,688
20221012;24;18550;18429,375
20221013;1;17400;17339,588
20221013;2;16700;16770,725
20221013;3;16400;16423,950
20221013;4;16500;16400,188
20221013;5;17000;16801,850
20221013;6;18600;17677,625
20221013;7;21100;20240,125
20221013;8;22300;21749,725
20221013;9;22650;22511,925
20221013;10;22650;22362,100
20221013;11;22150;21577,288
20221013;12;22150;21375,338
20221013;13;22150;21045,800
20221013;14;22150;21170,313
20221013;15;21750;20888,313
20221013;16;21850;21240,800
20221013;17;21800;21564,225
20221013;18;21950;21791,488
20221013;19;23450;22742,250
20221013;20;23450;23216,775
20221013;21;23150;22544,138
20221013;22;21750;21001,688
20221013;23;19900;19436,363
20221013;24;18550;18035,300
20221014;1;17450;17152,175
20221014;2;16700;16621,075
20221014;3;16400;16325,938
20221014;4;16450;16313,488
20221014;5;16850;16699,488
20221014;6;18100;17594,313
20221014;7;20850;19994,150
20221014;8;22100;21683,238
20221014;9;22750;22679,913
20221014;10;22800;22787,775
20221014;11;22450;22229,900
20221014;12;22550;22287,963
20221014;13;22750;22092,950
20221014;14;22900;21913,338
20221014;15;22400;21895,575
20221014;16;22350;21861,413
20221014;17;22300;21902,225
20221014;18;22400;21937,713
20221014;19;23550;22789,213
20221014;20;23550;22874,938
20221014;21;23150;22202,825
20221014;22;21750;20645,913
20221014;23;19950;19234,625
20221014;24;18500;17927,488
20221015;1;17000;16870,088
20221015;2;16400;16256,600
20221015;3;15850;15839,275
20221015;4;15750;15726,700
20221015;5;15900;15740,850
20221015;6;16350;15885,150
20221015;7;17300;16652,100
20221015;8;18600;17461,975
20221015;9;19600;18715,825
20221015;10;20150;19352,363
20221015;11;20200;19422,363
20221015;12;20200;19408,088
20221015;13;20200;19354,513
20221015;14;20200;19135,113
20221015;15;19750;18814,600
20221015;16;19350;18769,913
20221015;17;19350;18651,863
20221015;18;19800;19013,138
20221015;19;20300;19808,700
20221015;20;20300;19835,163
20221015;21;19850;19176,325
20221015;22;18750;18094,563
20221015;23;17500;16984,000
20221015;24;16350;15764,075
20221016;1;15300;14741,125
20221016;2;14700;14128,500
20221016;3;14250;13867,313
20221016;4;14000;13630,050
20221016;5;14050;13645,800
20221016;6;14300;13786,675
20221016;7;14850;14267,888
20221016;8;15800;14547,925
20221016;9;16750;15543,575
20221016;10;17550;16395,400
20221016;11;17850;16778,550
20221016;12;17850;16705,425
20221016;13;17850;16710,550
20221016;14;17850;16646,213
20221016;15;17500;16588,813
20221016;16;17250;16534,800
20221016;17;17250;16604,888
20221016;18;18450;17167,050
20221016;19;19550;18397,525
20221016;20;19550;18680,475
20221016;21;19250;18222,938
20221016;22;18300;17393,138
20221016;23;17350;16498,488
20221016;24;16350;15617,700
20221017;1;15300;14781,475
20221017;2;14850;14511,575
20221017;3;14750;14316,100
20221017;4;14950;14388,813
20221017;5;15750;14863,725
20221017;6;17750;16011,313
20221017;7;20800;19226,888
20221017;8;22200;21052,113
20221017;9;22650;21960,875
20221017;10;22650;21910,163
20221017;11;22200;21340,363
20221017;12;22150;21418,125
20221017;13;22050;21292,063
20221017;14;22150;21270,563
20221017;15;21700;20907,775
20221017;16;21700;21306,963
20221017;17;21700;21387,325
20221017;18;22100;21508,025
20221017;19;23250;22591,275
20221017;20;23300;22964,875
20221017;21;22900;22242,525
20221017;22;21650;20674,250
20221017;23;19900;18997,700
20221017;24;18550;17599,838
20221018;1;17350;16556,663
20221018;2;16650;16108,600
20221018;3;16350;15815,875
20221018;4;16450;15781,775
20221018;5;16900;16158,925
20221018;6;18500;17147,500
20221018;7;21200;19810,663
20221018;8;22350;21299,650
20221018;9;22800;22130,400
20221018;10;22800;22131,063
20221018;11;22300;21663,575
20221018;12;22300;21743,888
20221018;13;22300;21877,588
20221018;14;22350;21854,638
20221018;15;21800;21709,900
20221018;16;21850;21895,250
20221018;17;21850;22016,600
20221018;18;22500;22351,775
20221018;19;23550;23080,788
20221018;20;23450;23146,113
20221018;21;23050;22424,700
20221018;22;21750;20741,750
20221018;23;19950;19139,738
20221018;24;18600;17892,750
20221019;1;17250;16726,663
20221019;2;16800;16204,500
20221019;3;16500;15922,638
20221019;4;16600;15865,713
20221019;5;17050;16155,188
20221019;6;18650;16974,563
20221019;7;21350;19723,450
20221019;8;22500;21327,988
20221019;9;22950;22075,363
20221019;10;22950;22212,225
20221019;11;22550;22005,688
20221019;12;22550;22333,763
20221019;13;22550;22671,163
20221019;14;22600;22428,113
20221019;15;22150;22080,938
20221019;16;22050;21974,175
20221019;17;22050;21597,488
20221019;18;22650;21812,400
20221019;19;23650;22882,538
20221019;20;23650;23039,050
20221019;21;23250;22437,950
20221019;22;22000;20966,825
20221019;23;20150;19492,325
20221019;24;18800;18161,875
20221020;1;17500;17065,188
20221020;2;17050;16590,900
20221020;3;16700;16312,000
20221020;4;16800;16350,238
20221020;5;17250;16745,125
20221020;6;18850;17552,475
20221020;7;21550;20368,288
20221020;8;22550;22159,975
20221020;9;23150;22939,963
20221020;10;23150;22861,250
20221020;11;22200;22214,400
20221020;12;22150;21778,400
20221020;13;22100;21907,888
20221020;14;22150;21836,950
20221020;15;21700;21611,538
20221020;16;21850;21810,250
20221020;17;22100;21907,225
20221020;18;22650;22241,988
20221020;19;23700;23173,488
20221020;20;23650;23294,175
20221020;21;23250;22834,688
20221020;22;22000;21223,413
20221020;23;20150;19607,475
20221020;24;18800;18284,250
20221021;1;17500;17331,325
20221021;2;16950;16757,825
20221021;3;16650;16364,850
20221021;4;16700;16449,138
20221021;5;17150;16802,863
20221021;6;18700;17709,275
20221021;7;21450;20270,538
20221021;8;22550;22023,400
20221021;9;23100;22623,050
20221021;10;23100;22812,813
20221021;11;22700;22385,913
20221021;12;22700;22580,038
20221021;13;22700;22514,263
20221021;14;22900;22508,175
20221021;15;22300;22132,625
20221021;16;22250;22073,675
20221021;17;22200;22039,675
20221021;18;22700;22279,650
20221021;19;23750;22931,475
20221021;20;23750;22893,288
20221021;21;23350;22295,513
20221021;22;22100;20876,013
20221021;23;20250;19337,688
20221021;24;18900;18059,388
20221022;1;17550;16940,988
20221022;2;16700;16302,650
20221022;3;16150;16000,613
20221022;4;16050;15910,325
20221022;5;16250;15957,800
20221022;6;16750;16195,775
20221022;7;18000;17028,363
20221022;8;19050;17890,750
20221022;9;20050;19164,713
20221022;10;20600;19921,213
20221022;11;20700;20338,163
20221022;12;20800;20668,675
20221022;13;20650;20633,788
20221022;14;20600;20428,863
20221022;15;20000;19893,338
20221022;16;19650;19696,200
20221022;17;19550;19620,650
20221022;18;20500;19799,975
20221022;19;20800;20494,888
20221022;20;20750;20366,100
20221022;21;20350;19648,438
20221022;22;19300;18467,263
20221022;23;18050;17304,338
20221022;24;16900;16190,475
20221023;1;15550;15134,475
20221023;2;14650;14503,363
20221023;3;14300;14170,850
20221023;4;14000;13890,575
20221023;5;14050;13936,713
20221023;6;14450;14079,938
20221023;7;14900;14475,275
20221023;8;15700;14927,425
20221023;9;16700;15851,738
20221023;10;17250;16735,125
20221023;11;17550;17224,775
20221023;12;17750;17418,925
20221023;13;17750;17351,113
20221023;14;17750;17251,275
20221023;15;17500;17023,475
20221023;16;17250;16827,850
20221023;17;17450;17010,400
20221023;18;18750;17707,800
20221023;19;19500;18866,063
20221023;20;19500;19030,288
20221023;21;19100;18554,275
20221023;22;18250;17627,550
20221023;23;17350;16701,950
20221023;24;16300;15613,013
20221024;1;15350;14747,163
20221024;2;14900;14399,500
20221024;3;14650;14232,075
20221024;4;14950;14231,563
20221024;5;15600;14633,313
20221024;6;17800;15950,763
20221024;7;20800;19244,388
20221024;8;22050;21260,050
20221024;9;22600;22335,388
20221024;10;22600;22686,988
20221024;11;22200;22394,475
20221024;12;22300;22431,700
20221024;13;22350;22309,375
20221024;14;22450;22112,138
20221024;15;22050;21825,750
20221024;16;22100;22127,238
20221024;17;22100;21974,375
20221024;18;22650;22335,413
20221024;19;23550;23079,963
20221024;20;23450;23043,000
20221024;21;23100;22499,113
20221024;22;21800;20959,875
20221024;23;19900;19175,238
20221024;24;18600;17830,838
20221025;1;17200;16878,613
20221025;2;16650;16355,350
20221025;3;16350;16071,450
20221025;4;16350;16086,188
20221025;5;16950;16312,938
20221025;6;18600;17303,088
20221025;7;21550;19920,988
20221025;8;22600;21714,613
20221025;9;22950;22338,900
20221025;10;22950;22400,388
20221025;11;22850;22171,688
20221025;12;22900;22503,275
20221025;13;22950;22469,738
20221025;14;23100;22124,013
20221025;15;22500;21751,288
20221025;16;22450;21852,025
20221025;17;22350;21954,538
20221025;18;22800;22343,575
20221025;19;23700;23191,000
20221025;20;23550;23202,788
20221025;21;23100;22647,425
20221025;22;21800;21155,338
20221025;23;20000;19392,163
20221025;24;18650;17931,788
20221026;1;17200;16815,413
20221026;2;16650;16307,788
20221026;3;16350;16064,988
20221026;4;16350;16057,913
20221026;5;16950;16333,763
20221026;6;18600;17316,175
20221026;7;21450;20164,675
20221026;8;22500;22034,925
20221026;9;22950;22629,313
20221026;10;22950;22681,700
20221026;11;22750;22237,763
20221026;12;22800;22251,275
20221026;13;22850;22129,388
20221026;14;23000;21993,200
20221026;15;22400;21941,850
20221026;16;22450;21964,175
20221026;17;22350;21948,850
20221026;18;22900;22327,238
20221026;19;23700;23281,600
20221026;20;23550;23313,025
20221026;21;23100;22662,563
20221026;22;21800;21250,950
20221026;23;20000;19606,850
20221026;24;18650;18104,038
20221027;1;17200;17082,738
20221027;2;16650;16443,413
20221027;3;16350;16212,038
20221027;4;16300;16266,775
20221027;5;16800;16628,275
20221027;6;18350;17519,025
20221027;7;21300;20155,750
20221027;8;22300;21830,925
20221027;9;22700;22446,550
20221027;10;22700;22651,588
20221027;11;22450;22128,750
20221027;12;22500;21938,063
20221027;13;22500;21851,838
20221027;14;22650;21724,175
20221027;15;22050;21561,550
20221027;16;22150;21803,875
20221027;17;22150;21866,075
20221027;18;22850;22428,950
20221027;19;23450;23422,800
20221027;20;23350;23410,825
20221027;21;23000;22664,200
20221027;22;21700;21142,500
20221027;23;19750;19370,425
20221027;24;18400;17973,675
20221028;1;17200;16812,275
20221028;2;16650;16397,463
20221028;3;16350;16109,388
20221028;4;16300;16109,688
20221028;5;16800;16489,075
20221028;6;18350;17308,413
20221028;7;21300;19985,500
20221028;8;22300;21704,888
20221028;9;22700;22311,788
20221028;10;22700;22348,475
20221028;11;22300;22042,363
20221028;12;22300;21779,288
20221028;13;22300;21660,325
20221028;14;22450;21604,313
20221028;15;21950;21347,038
20221028;16;22050;21436,975
20221028;17;22050;21444,400
20221028;18;22650;21759,325
20221028;19;23350;22467,400
20221028;20;23300;22516,850
20221028;21;22850;21835,975
20221028;22;21550;20204,763
20221028;23;19750;18649,563
20221028;24;18400;17385,425
